[
  {
    "id": 1,
    "url": "https://img.pokemondb.net/artwork/large/bulbasaur.jpg"
  },
  {
    "id": 2,
    "url": "https://img.pokemondb.net/artwork/large/ivysaur.jpg"
  },
  {
    "id": 3,
    "url": "https://img.pokemondb.net/artwork/large/venusaur.jpg"
  },
  {
    "id": 4,
    "url": "https://img.pokemondb.net/artwork/large/charmander.jpg"
  },
  {
    "id": 5,
    "url": "https://img.pokemondb.net/artwork/large/charmeleon.jpg"
  },
  {
    "id": 6,
    "url": "https://img.pokemondb.net/artwork/large/charizard.jpg"
  },
  {
    "id": 7,
    "url": "https://img.pokemondb.net/artwork/large/squirtle.jpg"
  },
  {
    "id": 8,
    "url": "https://img.pokemondb.net/artwork/large/wartortle.jpg"
  },
  {
    "id": 9,
    "url": "https://img.pokemondb.net/artwork/large/blastoise.jpg"
  },
  {
    "id": 10,
    "url": "https://img.pokemondb.net/artwork/large/caterpie.jpg"
  },
  {
    "id": 11,
    "url": "https://img.pokemondb.net/artwork/large/metapod.jpg"
  },
  {
    "id": 12,
    "url": "https://img.pokemondb.net/artwork/large/butterfree.jpg"
  },
  {
    "id": 13,
    "url": "https://img.pokemondb.net/artwork/large/weedle.jpg"
  },
  {
    "id": 14,
    "url": "https://img.pokemondb.net/artwork/large/kakuna.jpg"
  },
  {
    "id": 15,
    "url": "https://img.pokemondb.net/artwork/large/beedrill.jpg"
  },
  {
    "id": 16,
    "url": "https://img.pokemondb.net/artwork/large/pidgey.jpg"
  },
  {
    "id": 17,
    "url": "https://img.pokemondb.net/artwork/large/pidgeotto.jpg"
  },
  {
    "id": 18,
    "url": "https://img.pokemondb.net/artwork/large/pidgeot.jpg"
  },
  {
    "id": 19,
    "url": "https://img.pokemondb.net/artwork/large/rattata.jpg"
  },
  {
    "id": 20,
    "url": "https://img.pokemondb.net/artwork/large/raticate.jpg"
  },
  {
    "id": 21,
    "url": "https://img.pokemondb.net/artwork/large/spearow.jpg"
  },
  {
    "id": 22,
    "url": "https://img.pokemondb.net/artwork/large/fearow.jpg"
  },
  {
    "id": 23,
    "url": "https://img.pokemondb.net/artwork/large/ekans.jpg"
  },
  {
    "id": 24,
    "url": "https://img.pokemondb.net/artwork/large/arbok.jpg"
  },
  {
    "id": 25,
    "url": "https://img.pokemondb.net/artwork/large/pikachu.jpg"
  },
  {
    "id": 26,
    "url": "https://img.pokemondb.net/artwork/large/raichu.jpg"
  },
  {
    "id": 27,
    "url": "https://img.pokemondb.net/artwork/large/sandshrew.jpg"
  },
  {
    "id": 28,
    "url": "https://img.pokemondb.net/artwork/large/sandslash.jpg"
  },
  {
    "id": 29,
    "url": "https://img.pokemondb.net/artwork/large/nidoran-f.jpg"
  },
  {
    "id": 30,
    "url": "https://img.pokemondb.net/artwork/large/nidorina.jpg"
  },
  {
    "id": 31,
    "url": "https://img.pokemondb.net/artwork/large/nidoqueen.jpg"
  },
  {
    "id": 32,
    "url": "https://img.pokemondb.net/artwork/large/nidoran-m.jpg"
  },
  {
    "id": 33,
    "url": "https://img.pokemondb.net/artwork/large/nidorino.jpg"
  },
  {
    "id": 34,
    "url": "https://img.pokemondb.net/artwork/large/nidoking.jpg"
  },
  {
    "id": 35,
    "url": "https://img.pokemondb.net/artwork/large/clefairy.jpg"
  },
  {
    "id": 36,
    "url": "https://img.pokemondb.net/artwork/large/clefable.jpg"
  },
  {
    "id": 37,
    "url": "https://img.pokemondb.net/artwork/large/vulpix.jpg"
  },
  {
    "id": 38,
    "url": "https://img.pokemondb.net/artwork/large/ninetales.jpg"
  },
  {
    "id": 39,
    "url": "https://img.pokemondb.net/artwork/large/jigglypuff.jpg"
  },
  {
    "id": 40,
    "url": "https://img.pokemondb.net/artwork/large/wigglytuff.jpg"
  },
  {
    "id": 41,
    "url": "https://img.pokemondb.net/artwork/large/zubat.jpg"
  },
  {
    "id": 42,
    "url": "https://img.pokemondb.net/artwork/large/golbat.jpg"
  },
  {
    "id": 43,
    "url": "https://img.pokemondb.net/artwork/large/oddish.jpg"
  },
  {
    "id": 44,
    "url": "https://img.pokemondb.net/artwork/large/gloom.jpg"
  },
  {
    "id": 45,
    "url": "https://img.pokemondb.net/artwork/large/vileplume.jpg"
  },
  {
    "id": 46,
    "url": "https://img.pokemondb.net/artwork/large/paras.jpg"
  },
  {
    "id": 47,
    "url": "https://img.pokemondb.net/artwork/large/parasect.jpg"
  },
  {
    "id": 48,
    "url": "https://img.pokemondb.net/artwork/large/venonat.jpg"
  },
  {
    "id": 49,
    "url": "https://img.pokemondb.net/artwork/large/venomoth.jpg"
  },
  {
    "id": 50,
    "url": "https://img.pokemondb.net/artwork/large/diglett.jpg"
  },
  {
    "id": 51,
    "url": "https://img.pokemondb.net/artwork/large/dugtrio.jpg"
  },
  {
    "id": 52,
    "url": "https://img.pokemondb.net/artwork/large/meowth.jpg"
  },
  {
    "id": 53,
    "url": "https://img.pokemondb.net/artwork/large/persian.jpg"
  },
  {
    "id": 54,
    "url": "https://img.pokemondb.net/artwork/large/psyduck.jpg"
  },
  {
    "id": 55,
    "url": "https://img.pokemondb.net/artwork/large/golduck.jpg"
  },
  {
    "id": 56,
    "url": "https://img.pokemondb.net/artwork/large/mankey.jpg"
  },
  {
    "id": 57,
    "url": "https://img.pokemondb.net/artwork/large/primeape.jpg"
  },
  {
    "id": 58,
    "url": "https://img.pokemondb.net/artwork/large/growlithe.jpg"
  },
  {
    "id": 59,
    "url": "https://img.pokemondb.net/artwork/large/arcanine.jpg"
  },
  {
    "id": 60,
    "url": "https://img.pokemondb.net/artwork/large/poliwag.jpg"
  }
]